rodada_num,time,pontos,modelo,posicao,data_atualizacao
1,Cruzeiro,3,LogisticRegression_LOSO,1,2025-09-16 17:55:11.010017
1,Fortaleza,3,LogisticRegression_LOSO,1,2025-09-16 17:55:11.010017
1,Grêmio,3,LogisticRegression_LOSO,1,2025-09-16 17:55:11.010017
1,Juventude,3,LogisticRegression_LOSO,1,2025-09-16 17:55:11.010017
1,Vasco,3,LogisticRegression_LOSO,1,2025-09-16 17:55:11.010017
1,Bahia,1,LogisticRegression_LOSO,6,2025-09-16 17:55:11.010017
1,Botafogo,1,LogisticRegression_LOSO,6,2025-09-16 17:55:11.010017
1,Bragantino,1,LogisticRegression_LOSO,6,2025-09-16 17:55:11.010017
1,Ceará,1,LogisticRegression_LOSO,6,2025-09-16 17:55:11.010017
1,Corinthians,1,LogisticRegression_LOSO,6,2025-09-16 17:55:11.010017
1,Flamengo,1,LogisticRegression_LOSO,6,2025-09-16 17:55:11.010017
1,Internacional,1,LogisticRegression_LOSO,6,2025-09-16 17:55:11.010017
1,Palmeiras,1,LogisticRegression_LOSO,6,2025-09-16 17:55:11.010017
1,Sport,1,LogisticRegression_LOSO,6,2025-09-16 17:55:11.010017
1,São Paulo,1,LogisticRegression_LOSO,6,2025-09-16 17:55:11.010017
1,Atlético-MG,0,LogisticRegression_LOSO,16,2025-09-16 17:55:11.010017
1,Fluminense,0,LogisticRegression_LOSO,16,2025-09-16 17:55:11.010017
1,Mirassol,0,LogisticRegression_LOSO,16,2025-09-16 17:55:11.010017
1,Santos,0,LogisticRegression_LOSO,16,2025-09-16 17:55:11.010017
1,Vitória,0,LogisticRegression_LOSO,16,2025-09-16 17:55:11.010017
2,Botafogo,4,LogisticRegression_LOSO,1,2025-09-16 17:55:11.010017
2,Ceará,4,LogisticRegression_LOSO,1,2025-09-16 17:55:11.010017
2,Corinthians,4,LogisticRegression_LOSO,1,2025-09-16 17:55:11.010017
2,Flamengo,4,LogisticRegression_LOSO,1,2025-09-16 17:55:11.010017
2,Fortaleza,4,LogisticRegression_LOSO,1,2025-09-16 17:55:11.010017
2,Internacional,4,LogisticRegression_LOSO,1,2025-09-16 17:55:11.010017
2,Palmeiras,4,LogisticRegression_LOSO,1,2025-09-16 17:55:11.010017
2,Cruzeiro,3,LogisticRegression_LOSO,8,2025-09-16 17:55:11.010017
2,Fluminense,3,LogisticRegression_LOSO,8,2025-09-16 17:55:11.010017
2,Grêmio,3,LogisticRegression_LOSO,8,2025-09-16 17:55:11.010017
2,Juventude,3,LogisticRegression_LOSO,8,2025-09-16 17:55:11.010017
2,Vasco,3,LogisticRegression_LOSO,8,2025-09-16 17:55:11.010017
2,Bahia,2,LogisticRegression_LOSO,13,2025-09-16 17:55:11.010017
2,São Paulo,2,LogisticRegression_LOSO,13,2025-09-16 17:55:11.010017
2,Atlético-MG,1,LogisticRegression_LOSO,15,2025-09-16 17:55:11.010017
2,Bragantino,1,LogisticRegression_LOSO,15,2025-09-16 17:55:11.010017
2,Mirassol,1,LogisticRegression_LOSO,15,2025-09-16 17:55:11.010017
2,Santos,1,LogisticRegression_LOSO,15,2025-09-16 17:55:11.010017
2,Sport,1,LogisticRegression_LOSO,15,2025-09-16 17:55:11.010017
2,Vitória,0,LogisticRegression_LOSO,20,2025-09-16 17:55:11.010017
3,Flamengo,7,LogisticRegression_LOSO,1,2025-09-16 17:55:11.010017
3,Palmeiras,7,LogisticRegression_LOSO,1,2025-09-16 17:55:11.010017
3,Fluminense,6,LogisticRegression_LOSO,3,2025-09-16 17:55:11.010017
3,Juventude,6,LogisticRegression_LOSO,3,2025-09-16 17:55:11.010017
3,Vasco,6,LogisticRegression_LOSO,3,2025-09-16 17:55:11.010017
3,Fortaleza,5,LogisticRegression_LOSO,6,2025-09-16 17:55:11.010017
3,Internacional,5,LogisticRegression_LOSO,6,2025-09-16 17:55:11.010017
3,Botafogo,4,LogisticRegression_LOSO,8,2025-09-16 17:55:11.010017
3,Bragantino,4,LogisticRegression_LOSO,8,2025-09-16 17:55:11.010017
3,Ceará,4,LogisticRegression_LOSO,8,2025-09-16 17:55:11.010017
3,Corinthians,4,LogisticRegression_LOSO,8,2025-09-16 17:55:11.010017
3,Cruzeiro,4,LogisticRegression_LOSO,8,2025-09-16 17:55:11.010017
3,Bahia,3,LogisticRegression_LOSO,13,2025-09-16 17:55:11.010017
3,Grêmio,3,LogisticRegression_LOSO,13,2025-09-16 17:55:11.010017
3,São Paulo,3,LogisticRegression_LOSO,13,2025-09-16 17:55:11.010017
3,Atlético-MG,2,LogisticRegression_LOSO,16,2025-09-16 17:55:11.010017
3,Mirassol,2,LogisticRegression_LOSO,16,2025-09-16 17:55:11.010017
3,Santos,1,LogisticRegression_LOSO,18,2025-09-16 17:55:11.010017
3,Sport,1,LogisticRegression_LOSO,18,2025-09-16 17:55:11.010017
3,Vitória,1,LogisticRegression_LOSO,18,2025-09-16 17:55:11.010017
4,Flamengo,10,LogisticRegression_LOSO,1,2025-09-16 17:55:11.010017
4,Palmeiras,10,LogisticRegression_LOSO,1,2025-09-16 17:55:11.010017
4,Fluminense,9,LogisticRegression_LOSO,3,2025-09-16 17:55:11.010017
4,Bragantino,7,LogisticRegression_LOSO,4,2025-09-16 17:55:11.010017
4,Ceará,7,LogisticRegression_LOSO,4,2025-09-16 17:55:11.010017
4,Cruzeiro,7,LogisticRegression_LOSO,4,2025-09-16 17:55:11.010017
4,Juventude,6,LogisticRegression_LOSO,7,2025-09-16 17:55:11.010017
4,Vasco,6,LogisticRegression_LOSO,7,2025-09-16 17:55:11.010017
4,Botafogo,5,LogisticRegression_LOSO,9,2025-09-16 17:55:11.010017
4,Fortaleza,5,LogisticRegression_LOSO,9,2025-09-16 17:55:11.010017
4,Internacional,5,LogisticRegression_LOSO,9,2025-09-16 17:55:11.010017
4,Mirassol,5,LogisticRegression_LOSO,9,2025-09-16 17:55:11.010017
4,Corinthians,4,LogisticRegression_LOSO,13,2025-09-16 17:55:11.010017
4,Santos,4,LogisticRegression_LOSO,13,2025-09-16 17:55:11.010017
4,São Paulo,4,LogisticRegression_LOSO,13,2025-09-16 17:55:11.010017
4,Vitória,4,LogisticRegression_LOSO,13,2025-09-16 17:55:11.010017
4,Bahia,3,LogisticRegression_LOSO,17,2025-09-16 17:55:11.010017
4,Grêmio,3,LogisticRegression_LOSO,17,2025-09-16 17:55:11.010017
4,Atlético-MG,2,LogisticRegression_LOSO,19,2025-09-16 17:55:11.010017
4,Sport,1,LogisticRegression_LOSO,20,2025-09-16 17:55:11.010017
5,Palmeiras,13,LogisticRegression_LOSO,1,2025-09-16 17:55:11.010017
5,Flamengo,11,LogisticRegression_LOSO,2,2025-09-16 17:55:11.010017
5,Bragantino,10,LogisticRegression_LOSO,3,2025-09-16 17:55:11.010017
5,Fluminense,10,LogisticRegression_LOSO,3,2025-09-16 17:55:11.010017
5,Ceará,7,LogisticRegression_LOSO,5,2025-09-16 17:55:11.010017
5,Corinthians,7,LogisticRegression_LOSO,5,2025-09-16 17:55:11.010017
5,Cruzeiro,7,LogisticRegression_LOSO,5,2025-09-16 17:55:11.010017
5,Juventude,7,LogisticRegression_LOSO,5,2025-09-16 17:55:11.010017
5,São Paulo,7,LogisticRegression_LOSO,5,2025-09-16 17:55:11.010017
5,Vasco,7,LogisticRegression_LOSO,5,2025-09-16 17:55:11.010017
5,Bahia,6,LogisticRegression_LOSO,11,2025-09-16 17:55:11.010017
5,Internacional,6,LogisticRegression_LOSO,11,2025-09-16 17:55:11.010017
5,Mirassol,6,LogisticRegression_LOSO,11,2025-09-16 17:55:11.010017
5,Atlético-MG,5,LogisticRegression_LOSO,14,2025-09-16 17:55:11.010017
5,Botafogo,5,LogisticRegression_LOSO,14,2025-09-16 17:55:11.010017
5,Fortaleza,5,LogisticRegression_LOSO,14,2025-09-16 17:55:11.010017
5,Vitória,5,LogisticRegression_LOSO,14,2025-09-16 17:55:11.010017
5,Grêmio,4,LogisticRegression_LOSO,18,2025-09-16 17:55:11.010017
5,Santos,4,LogisticRegression_LOSO,18,2025-09-16 17:55:11.010017
5,Sport,1,LogisticRegression_LOSO,20,2025-09-16 17:55:11.010017
6,Flamengo,14,LogisticRegression_LOSO,1,2025-09-16 17:55:11.010017
6,Bragantino,13,LogisticRegression_LOSO,2,2025-09-16 17:55:11.010017
6,Palmeiras,13,LogisticRegression_LOSO,2,2025-09-16 17:55:11.010017
6,Cruzeiro,10,LogisticRegression_LOSO,4,2025-09-16 17:55:11.010017
6,Fluminense,10,LogisticRegression_LOSO,4,2025-09-16 17:55:11.010017
6,Bahia,9,LogisticRegression_LOSO,6,2025-09-16 17:55:11.010017
6,Internacional,9,LogisticRegression_LOSO,6,2025-09-16 17:55:11.010017
6,Botafogo,8,LogisticRegression_LOSO,8,2025-09-16 17:55:11.010017
6,Ceará,8,LogisticRegression_LOSO,8,2025-09-16 17:55:11.010017
6,São Paulo,8,LogisticRegression_LOSO,8,2025-09-16 17:55:11.010017
6,Corinthians,7,LogisticRegression_LOSO,11,2025-09-16 17:55:11.010017
6,Juventude,7,LogisticRegression_LOSO,11,2025-09-16 17:55:11.010017
6,Mirassol,7,LogisticRegression_LOSO,11,2025-09-16 17:55:11.010017
6,Vasco,7,LogisticRegression_LOSO,11,2025-09-16 17:55:11.010017
6,Atlético-MG,6,LogisticRegression_LOSO,15,2025-09-16 17:55:11.010017
6,Fortaleza,6,LogisticRegression_LOSO,15,2025-09-16 17:55:11.010017
6,Vitória,6,LogisticRegression_LOSO,15,2025-09-16 17:55:11.010017
6,Grêmio,5,LogisticRegression_LOSO,18,2025-09-16 17:55:11.010017
6,Santos,4,LogisticRegression_LOSO,19,2025-09-16 17:55:11.010017
6,Sport,2,LogisticRegression_LOSO,20,2025-09-16 17:55:11.010017
7,Bragantino,16,LogisticRegression_LOSO,1,2025-09-16 17:55:11.010017
7,Palmeiras,16,LogisticRegression_LOSO,1,2025-09-16 17:55:11.010017
7,Flamengo,14,LogisticRegression_LOSO,3,2025-09-16 17:55:11.010017
7,Cruzeiro,13,LogisticRegression_LOSO,4,2025-09-16 17:55:11.010017
7,Fluminense,13,LogisticRegression_LOSO,4,2025-09-16 17:55:11.010017
7,Bahia,12,LogisticRegression_LOSO,6,2025-09-16 17:55:11.010017
7,Ceará,11,LogisticRegression_LOSO,7,2025-09-16 17:55:11.010017
7,Corinthians,10,LogisticRegression_LOSO,8,2025-09-16 17:55:11.010017
7,Atlético-MG,9,LogisticRegression_LOSO,9,2025-09-16 17:55:11.010017
7,Internacional,9,LogisticRegression_LOSO,9,2025-09-16 17:55:11.010017
7,São Paulo,9,LogisticRegression_LOSO,9,2025-09-16 17:55:11.010017
7,Botafogo,8,LogisticRegression_LOSO,12,2025-09-16 17:55:11.010017
7,Grêmio,8,LogisticRegression_LOSO,12,2025-09-16 17:55:11.010017
7,Fortaleza,7,LogisticRegression_LOSO,14,2025-09-16 17:55:11.010017
7,Juventude,7,LogisticRegression_LOSO,14,2025-09-16 17:55:11.010017
7,Mirassol,7,LogisticRegression_LOSO,14,2025-09-16 17:55:11.010017
7,Vasco,7,LogisticRegression_LOSO,14,2025-09-16 17:55:11.010017
7,Vitória,6,LogisticRegression_LOSO,18,2025-09-16 17:55:11.010017
7,Santos,4,LogisticRegression_LOSO,19,2025-09-16 17:55:11.010017
7,Sport,2,LogisticRegression_LOSO,20,2025-09-16 17:55:11.010017
8,Palmeiras,19,LogisticRegression_LOSO,1,2025-09-16 17:55:11.010017
8,Bragantino,17,LogisticRegression_LOSO,2,2025-09-16 17:55:11.010017
8,Flamengo,17,LogisticRegression_LOSO,2,2025-09-16 17:55:11.010017
8,Cruzeiro,16,LogisticRegression_LOSO,4,2025-09-16 17:55:11.010017
8,Fluminense,13,LogisticRegression_LOSO,5,2025-09-16 17:55:11.010017
8,Atlético-MG,12,LogisticRegression_LOSO,6,2025-09-16 17:55:11.010017
8,Bahia,12,LogisticRegression_LOSO,6,2025-09-16 17:55:11.010017
8,Ceará,12,LogisticRegression_LOSO,6,2025-09-16 17:55:11.010017
8,Botafogo,11,LogisticRegression_LOSO,9,2025-09-16 17:55:11.010017
8,Corinthians,10,LogisticRegression_LOSO,10,2025-09-16 17:55:11.010017
8,Fortaleza,10,LogisticRegression_LOSO,10,2025-09-16 17:55:11.010017
8,Mirassol,10,LogisticRegression_LOSO,10,2025-09-16 17:55:11.010017
8,Grêmio,9,LogisticRegression_LOSO,13,2025-09-16 17:55:11.010017
8,Internacional,9,LogisticRegression_LOSO,13,2025-09-16 17:55:11.010017
8,São Paulo,9,LogisticRegression_LOSO,13,2025-09-16 17:55:11.010017
8,Vitória,9,LogisticRegression_LOSO,13,2025-09-16 17:55:11.010017
8,Juventude,7,LogisticRegression_LOSO,17,2025-09-16 17:55:11.010017
8,Vasco,7,LogisticRegression_LOSO,17,2025-09-16 17:55:11.010017
8,Santos,5,LogisticRegression_LOSO,19,2025-09-16 17:55:11.010017
8,Sport,2,LogisticRegression_LOSO,20,2025-09-16 17:55:11.010017
9,Palmeiras,22,LogisticRegression_LOSO,1,2025-09-16 17:55:11.010017
9,Flamengo,18,LogisticRegression_LOSO,2,2025-09-16 17:55:11.010017
9,Bragantino,17,LogisticRegression_LOSO,3,2025-09-16 17:55:11.010017
9,Cruzeiro,17,LogisticRegression_LOSO,3,2025-09-16 17:55:11.010017
9,Bahia,15,LogisticRegression_LOSO,5,2025-09-16 17:55:11.010017
9,Ceará,15,LogisticRegression_LOSO,5,2025-09-16 17:55:11.010017
9,Fluminense,14,LogisticRegression_LOSO,7,2025-09-16 17:55:11.010017
9,Atlético-MG,13,LogisticRegression_LOSO,8,2025-09-16 17:55:11.010017
9,Corinthians,13,LogisticRegression_LOSO,8,2025-09-16 17:55:11.010017
9,Botafogo,12,LogisticRegression_LOSO,10,2025-09-16 17:55:11.010017
9,São Paulo,12,LogisticRegression_LOSO,10,2025-09-16 17:55:11.010017
9,Mirassol,11,LogisticRegression_LOSO,12,2025-09-16 17:55:11.010017
9,Fortaleza,10,LogisticRegression_LOSO,13,2025-09-16 17:55:11.010017
9,Internacional,10,LogisticRegression_LOSO,13,2025-09-16 17:55:11.010017
9,Vasco,10,LogisticRegression_LOSO,13,2025-09-16 17:55:11.010017
9,Grêmio,9,LogisticRegression_LOSO,16,2025-09-16 17:55:11.010017
9,Vitória,9,LogisticRegression_LOSO,16,2025-09-16 17:55:11.010017
9,Juventude,8,LogisticRegression_LOSO,18,2025-09-16 17:55:11.010017
9,Santos,5,LogisticRegression_LOSO,19,2025-09-16 17:55:11.010017
9,Sport,2,LogisticRegression_LOSO,20,2025-09-16 17:55:11.010017
10,Palmeiras,22,LogisticRegression_LOSO,1,2025-09-16 17:55:11.010017
10,Flamengo,21,LogisticRegression_LOSO,2,2025-09-16 17:55:11.010017
10,Bragantino,20,LogisticRegression_LOSO,3,2025-09-16 17:55:11.010017
10,Cruzeiro,20,LogisticRegression_LOSO,3,2025-09-16 17:55:11.010017
10,Fluminense,17,LogisticRegression_LOSO,5,2025-09-16 17:55:11.010017
10,Bahia,15,LogisticRegression_LOSO,6,2025-09-16 17:55:11.010017
10,Botafogo,15,LogisticRegression_LOSO,6,2025-09-16 17:55:11.010017
10,Ceará,15,LogisticRegression_LOSO,6,2025-09-16 17:55:11.010017
10,Atlético-MG,14,LogisticRegression_LOSO,9,2025-09-16 17:55:11.010017
10,Corinthians,14,LogisticRegression_LOSO,9,2025-09-16 17:55:11.010017
10,Mirassol,14,LogisticRegression_LOSO,9,2025-09-16 17:55:11.010017
10,Grêmio,12,LogisticRegression_LOSO,12,2025-09-16 17:55:11.010017
10,São Paulo,12,LogisticRegression_LOSO,12,2025-09-16 17:55:11.010017
10,Internacional,11,LogisticRegression_LOSO,14,2025-09-16 17:55:11.010017
10,Fortaleza,10,LogisticRegression_LOSO,15,2025-09-16 17:55:11.010017
10,Vasco,10,LogisticRegression_LOSO,15,2025-09-16 17:55:11.010017
10,Vitória,9,LogisticRegression_LOSO,17,2025-09-16 17:55:11.010017
10,Juventude,8,LogisticRegression_LOSO,18,2025-09-16 17:55:11.010017
10,Santos,8,LogisticRegression_LOSO,18,2025-09-16 17:55:11.010017
10,Sport,3,LogisticRegression_LOSO,20,2025-09-16 17:55:11.010017
11,Flamengo,24,LogisticRegression_LOSO,1,2025-09-16 17:55:11.010017
11,Bragantino,23,LogisticRegression_LOSO,2,2025-09-16 17:55:11.010017
11,Cruzeiro,23,LogisticRegression_LOSO,2,2025-09-16 17:55:11.010017
11,Palmeiras,22,LogisticRegression_LOSO,4,2025-09-16 17:55:11.010017
11,Fluminense,20,LogisticRegression_LOSO,5,2025-09-16 17:55:11.010017
11,Bahia,18,LogisticRegression_LOSO,6,2025-09-16 17:55:11.010017
11,Botafogo,18,LogisticRegression_LOSO,6,2025-09-16 17:55:11.010017
11,Atlético-MG,17,LogisticRegression_LOSO,8,2025-09-16 17:55:11.010017
11,Mirassol,17,LogisticRegression_LOSO,8,2025-09-16 17:55:11.010017
11,Ceará,15,LogisticRegression_LOSO,10,2025-09-16 17:55:11.010017
11,Corinthians,15,LogisticRegression_LOSO,10,2025-09-16 17:55:11.010017
11,Grêmio,15,LogisticRegression_LOSO,10,2025-09-16 17:55:11.010017
11,São Paulo,12,LogisticRegression_LOSO,13,2025-09-16 17:55:11.010017
11,Internacional,11,LogisticRegression_LOSO,14,2025-09-16 17:55:11.010017
11,Fortaleza,10,LogisticRegression_LOSO,15,2025-09-16 17:55:11.010017
11,Vasco,10,LogisticRegression_LOSO,15,2025-09-16 17:55:11.010017
11,Vitória,10,LogisticRegression_LOSO,15,2025-09-16 17:55:11.010017
11,Juventude,8,LogisticRegression_LOSO,18,2025-09-16 17:55:11.010017
11,Santos,8,LogisticRegression_LOSO,18,2025-09-16 17:55:11.010017
11,Sport,3,LogisticRegression_LOSO,20,2025-09-16 17:55:11.010017
12,Palmeiras,25,LogisticRegression_LOSO,1,2025-09-16 17:55:11.010017
12,Cruzeiro,24,LogisticRegression_LOSO,2,2025-09-16 17:55:11.010017
12,Flamengo,24,LogisticRegression_LOSO,2,2025-09-16 17:55:11.010017
12,Bragantino,23,LogisticRegression_LOSO,4,2025-09-16 17:55:11.010017
12,Fluminense,23,LogisticRegression_LOSO,4,2025-09-16 17:55:11.010017
12,Bahia,21,LogisticRegression_LOSO,6,2025-09-16 17:55:11.010017
12,Botafogo,21,LogisticRegression_LOSO,6,2025-09-16 17:55:11.010017
12,Atlético-MG,20,LogisticRegression_LOSO,8,2025-09-16 17:55:11.010017
12,Mirassol,17,LogisticRegression_LOSO,9,2025-09-16 17:55:11.010017
12,Corinthians,16,LogisticRegression_LOSO,10,2025-09-16 17:55:11.010017
12,Grêmio,16,LogisticRegression_LOSO,10,2025-09-16 17:55:11.010017
12,Ceará,15,LogisticRegression_LOSO,12,2025-09-16 17:55:11.010017
12,Vasco,13,LogisticRegression_LOSO,13,2025-09-16 17:55:11.010017
12,São Paulo,12,LogisticRegression_LOSO,14,2025-09-16 17:55:11.010017
12,Internacional,11,LogisticRegression_LOSO,15,2025-09-16 17:55:11.010017
12,Santos,11,LogisticRegression_LOSO,15,2025-09-16 17:55:11.010017
12,Vitória,11,LogisticRegression_LOSO,15,2025-09-16 17:55:11.010017
12,Fortaleza,10,LogisticRegression_LOSO,18,2025-09-16 17:55:11.010017
12,Juventude,8,LogisticRegression_LOSO,19,2025-09-16 17:55:11.010017
12,Sport,6,LogisticRegression_LOSO,20,2025-09-16 17:55:11.010017
13,Cruzeiro,27,LogisticRegression_LOSO,1,2025-09-16 17:55:11.010017
13,Flamengo,27,LogisticRegression_LOSO,1,2025-09-16 17:55:11.010017
13,Bragantino,26,LogisticRegression_LOSO,3,2025-09-16 17:55:11.010017
13,Palmeiras,25,LogisticRegression_LOSO,4,2025-09-16 17:55:11.010017
13,Bahia,24,LogisticRegression_LOSO,5,2025-09-16 17:55:11.010017
13,Botafogo,24,LogisticRegression_LOSO,5,2025-09-16 17:55:11.010017
13,Fluminense,23,LogisticRegression_LOSO,7,2025-09-16 17:55:11.010017
13,Atlético-MG,20,LogisticRegression_LOSO,8,2025-09-16 17:55:11.010017
13,Mirassol,20,LogisticRegression_LOSO,8,2025-09-16 17:55:11.010017
13,Ceará,18,LogisticRegression_LOSO,10,2025-09-16 17:55:11.010017
13,Corinthians,16,LogisticRegression_LOSO,11,2025-09-16 17:55:11.010017
13,Grêmio,16,LogisticRegression_LOSO,11,2025-09-16 17:55:11.010017
13,Internacional,14,LogisticRegression_LOSO,13,2025-09-16 17:55:11.010017
13,Santos,14,LogisticRegression_LOSO,13,2025-09-16 17:55:11.010017
13,Vasco,13,LogisticRegression_LOSO,15,2025-09-16 17:55:11.010017
13,São Paulo,12,LogisticRegression_LOSO,16,2025-09-16 17:55:11.010017
13,Juventude,11,LogisticRegression_LOSO,17,2025-09-16 17:55:11.010017
13,Vitória,11,LogisticRegression_LOSO,17,2025-09-16 17:55:11.010017
13,Fortaleza,10,LogisticRegression_LOSO,19,2025-09-16 17:55:11.010017
13,Sport,6,LogisticRegression_LOSO,20,2025-09-16 17:55:11.010017
14,Cruzeiro,30,LogisticRegression_LOSO,1,2025-09-16 17:55:11.010017
14,Bahia,27,LogisticRegression_LOSO,2,2025-09-16 17:55:11.010017
14,Bragantino,27,LogisticRegression_LOSO,2,2025-09-16 17:55:11.010017
14,Flamengo,27,LogisticRegression_LOSO,2,2025-09-16 17:55:11.010017
14,Palmeiras,26,LogisticRegression_LOSO,5,2025-09-16 17:55:11.010017
14,Botafogo,25,LogisticRegression_LOSO,6,2025-09-16 17:55:11.010017
14,Atlético-MG,23,LogisticRegression_LOSO,7,2025-09-16 17:55:11.010017
14,Fluminense,23,LogisticRegression_LOSO,7,2025-09-16 17:55:11.010017
14,Mirassol,21,LogisticRegression_LOSO,9,2025-09-16 17:55:11.010017
14,Corinthians,19,LogisticRegression_LOSO,10,2025-09-16 17:55:11.010017
14,Grêmio,19,LogisticRegression_LOSO,10,2025-09-16 17:55:11.010017
14,Ceará,18,LogisticRegression_LOSO,12,2025-09-16 17:55:11.010017
14,Santos,17,LogisticRegression_LOSO,13,2025-09-16 17:55:11.010017
14,Internacional,14,LogisticRegression_LOSO,14,2025-09-16 17:55:11.010017
14,Juventude,14,LogisticRegression_LOSO,14,2025-09-16 17:55:11.010017
14,São Paulo,13,LogisticRegression_LOSO,16,2025-09-16 17:55:11.010017
14,Vasco,13,LogisticRegression_LOSO,16,2025-09-16 17:55:11.010017
14,Vitória,12,LogisticRegression_LOSO,18,2025-09-16 17:55:11.010017
14,Fortaleza,10,LogisticRegression_LOSO,19,2025-09-16 17:55:11.010017
14,Sport,6,LogisticRegression_LOSO,20,2025-09-16 17:55:11.010017
15,Cruzeiro,33,LogisticRegression_LOSO,1,2025-09-16 17:55:11.010017
15,Flamengo,30,LogisticRegression_LOSO,2,2025-09-16 17:55:11.010017
15,Palmeiras,29,LogisticRegression_LOSO,3,2025-09-16 17:55:11.010017
15,Bahia,28,LogisticRegression_LOSO,4,2025-09-16 17:55:11.010017
15,Botafogo,28,LogisticRegression_LOSO,4,2025-09-16 17:55:11.010017
15,Bragantino,27,LogisticRegression_LOSO,6,2025-09-16 17:55:11.010017
15,Mirassol,24,LogisticRegression_LOSO,7,2025-09-16 17:55:11.010017
15,Atlético-MG,23,LogisticRegression_LOSO,8,2025-09-16 17:55:11.010017
15,Fluminense,23,LogisticRegression_LOSO,8,2025-09-16 17:55:11.010017
15,Grêmio,20,LogisticRegression_LOSO,10,2025-09-16 17:55:11.010017
15,Corinthians,19,LogisticRegression_LOSO,11,2025-09-16 17:55:11.010017
15,Ceará,18,LogisticRegression_LOSO,12,2025-09-16 17:55:11.010017
15,Internacional,17,LogisticRegression_LOSO,13,2025-09-16 17:55:11.010017
15,Santos,17,LogisticRegression_LOSO,13,2025-09-16 17:55:11.010017
15,São Paulo,16,LogisticRegression_LOSO,15,2025-09-16 17:55:11.010017
15,Vitória,15,LogisticRegression_LOSO,16,2025-09-16 17:55:11.010017
15,Juventude,14,LogisticRegression_LOSO,17,2025-09-16 17:55:11.010017
15,Vasco,14,LogisticRegression_LOSO,17,2025-09-16 17:55:11.010017
15,Fortaleza,11,LogisticRegression_LOSO,19,2025-09-16 17:55:11.010017
15,Sport,6,LogisticRegression_LOSO,20,2025-09-16 17:55:11.010017
16,Cruzeiro,34,LogisticRegression_LOSO,1,2025-09-16 17:55:11.010017
16,Flamengo,33,LogisticRegression_LOSO,2,2025-09-16 17:55:11.010017
16,Palmeiras,32,LogisticRegression_LOSO,3,2025-09-16 17:55:11.010017
16,Botafogo,31,LogisticRegression_LOSO,4,2025-09-16 17:55:11.010017
16,Bahia,28,LogisticRegression_LOSO,5,2025-09-16 17:55:11.010017
16,Bragantino,27,LogisticRegression_LOSO,6,2025-09-16 17:55:11.010017
16,Mirassol,27,LogisticRegression_LOSO,6,2025-09-16 17:55:11.010017
16,Atlético-MG,26,LogisticRegression_LOSO,8,2025-09-16 17:55:11.010017
16,Fluminense,23,LogisticRegression_LOSO,9,2025-09-16 17:55:11.010017
16,Corinthians,20,LogisticRegression_LOSO,10,2025-09-16 17:55:11.010017
16,Grêmio,20,LogisticRegression_LOSO,10,2025-09-16 17:55:11.010017
16,Internacional,20,LogisticRegression_LOSO,10,2025-09-16 17:55:11.010017
16,São Paulo,19,LogisticRegression_LOSO,13,2025-09-16 17:55:11.010017
16,Ceará,18,LogisticRegression_LOSO,14,2025-09-16 17:55:11.010017
16,Santos,17,LogisticRegression_LOSO,15,2025-09-16 17:55:11.010017
16,Vasco,17,LogisticRegression_LOSO,15,2025-09-16 17:55:11.010017
16,Vitória,16,LogisticRegression_LOSO,17,2025-09-16 17:55:11.010017
16,Juventude,14,LogisticRegression_LOSO,18,2025-09-16 17:55:11.010017
16,Fortaleza,11,LogisticRegression_LOSO,19,2025-09-16 17:55:11.010017
16,Sport,7,LogisticRegression_LOSO,20,2025-09-16 17:55:11.010017
17,Flamengo,36,LogisticRegression_LOSO,1,2025-09-16 17:55:11.010017
17,Palmeiras,35,LogisticRegression_LOSO,2,2025-09-16 17:55:11.010017
17,Cruzeiro,34,LogisticRegression_LOSO,3,2025-09-16 17:55:11.010017
17,Botafogo,32,LogisticRegression_LOSO,4,2025-09-16 17:55:11.010017
17,Bahia,31,LogisticRegression_LOSO,5,2025-09-16 17:55:11.010017
17,Mirassol,28,LogisticRegression_LOSO,6,2025-09-16 17:55:11.010017
17,Bragantino,27,LogisticRegression_LOSO,7,2025-09-16 17:55:11.010017
17,Atlético-MG,26,LogisticRegression_LOSO,8,2025-09-16 17:55:11.010017
17,Fluminense,23,LogisticRegression_LOSO,9,2025-09-16 17:55:11.010017
17,São Paulo,22,LogisticRegression_LOSO,10,2025-09-16 17:55:11.010017
17,Ceará,21,LogisticRegression_LOSO,11,2025-09-16 17:55:11.010017
17,Corinthians,21,LogisticRegression_LOSO,11,2025-09-16 17:55:11.010017
17,Internacional,21,LogisticRegression_LOSO,11,2025-09-16 17:55:11.010017
17,Grêmio,20,LogisticRegression_LOSO,14,2025-09-16 17:55:11.010017
17,Santos,18,LogisticRegression_LOSO,15,2025-09-16 17:55:11.010017
17,Vasco,18,LogisticRegression_LOSO,15,2025-09-16 17:55:11.010017
17,Vitória,17,LogisticRegression_LOSO,17,2025-09-16 17:55:11.010017
17,Fortaleza,14,LogisticRegression_LOSO,18,2025-09-16 17:55:11.010017
17,Juventude,14,LogisticRegression_LOSO,18,2025-09-16 17:55:11.010017
17,Sport,8,LogisticRegression_LOSO,20,2025-09-16 17:55:11.010017
18,Cruzeiro,37,LogisticRegression_LOSO,1,2025-09-16 17:55:11.010017
18,Flamengo,37,LogisticRegression_LOSO,1,2025-09-16 17:55:11.010017
18,Palmeiras,36,LogisticRegression_LOSO,3,2025-09-16 17:55:11.010017
18,Bahia,32,LogisticRegression_LOSO,4,2025-09-16 17:55:11.010017
18,Botafogo,32,LogisticRegression_LOSO,4,2025-09-16 17:55:11.010017
18,Mirassol,31,LogisticRegression_LOSO,6,2025-09-16 17:55:11.010017
18,Atlético-MG,29,LogisticRegression_LOSO,7,2025-09-16 17:55:11.010017
18,Bragantino,27,LogisticRegression_LOSO,8,2025-09-16 17:55:11.010017
18,Fluminense,26,LogisticRegression_LOSO,9,2025-09-16 17:55:11.010017
18,São Paulo,25,LogisticRegression_LOSO,10,2025-09-16 17:55:11.010017
18,Ceará,22,LogisticRegression_LOSO,11,2025-09-16 17:55:11.010017
18,Corinthians,22,LogisticRegression_LOSO,11,2025-09-16 17:55:11.010017
18,Internacional,21,LogisticRegression_LOSO,13,2025-09-16 17:55:11.010017
18,Santos,21,LogisticRegression_LOSO,13,2025-09-16 17:55:11.010017
18,Grêmio,20,LogisticRegression_LOSO,15,2025-09-16 17:55:11.010017
18,Vasco,18,LogisticRegression_LOSO,16,2025-09-16 17:55:11.010017
18,Vitória,18,LogisticRegression_LOSO,16,2025-09-16 17:55:11.010017
18,Fortaleza,15,LogisticRegression_LOSO,18,2025-09-16 17:55:11.010017
18,Juventude,14,LogisticRegression_LOSO,19,2025-09-16 17:55:11.010017
18,Sport,9,LogisticRegression_LOSO,20,2025-09-16 17:55:11.010017
19,Flamengo,40,LogisticRegression_LOSO,1,2025-09-16 17:55:11.010017
19,Palmeiras,39,LogisticRegression_LOSO,2,2025-09-16 17:55:11.010017
19,Cruzeiro,37,LogisticRegression_LOSO,3,2025-09-16 17:55:11.010017
19,Botafogo,35,LogisticRegression_LOSO,4,2025-09-16 17:55:11.010017
19,Bahia,33,LogisticRegression_LOSO,5,2025-09-16 17:55:11.010017
19,Mirassol,31,LogisticRegression_LOSO,6,2025-09-16 17:55:11.010017
19,Atlético-MG,30,LogisticRegression_LOSO,7,2025-09-16 17:55:11.010017
19,São Paulo,28,LogisticRegression_LOSO,8,2025-09-16 17:55:11.010017
19,Bragantino,27,LogisticRegression_LOSO,9,2025-09-16 17:55:11.010017
19,Fluminense,27,LogisticRegression_LOSO,9,2025-09-16 17:55:11.010017
19,Internacional,24,LogisticRegression_LOSO,11,2025-09-16 17:55:11.010017
19,Santos,24,LogisticRegression_LOSO,11,2025-09-16 17:55:11.010017
19,Ceará,22,LogisticRegression_LOSO,13,2025-09-16 17:55:11.010017
19,Corinthians,22,LogisticRegression_LOSO,13,2025-09-16 17:55:11.010017
19,Grêmio,20,LogisticRegression_LOSO,15,2025-09-16 17:55:11.010017
19,Vasco,19,LogisticRegression_LOSO,16,2025-09-16 17:55:11.010017
19,Vitória,18,LogisticRegression_LOSO,17,2025-09-16 17:55:11.010017
19,Juventude,17,LogisticRegression_LOSO,18,2025-09-16 17:55:11.010017
19,Fortaleza,15,LogisticRegression_LOSO,19,2025-09-16 17:55:11.010017
19,Sport,12,LogisticRegression_LOSO,20,2025-09-16 17:55:11.010017
20,Flamengo,43,LogisticRegression_LOSO,1,2025-09-16 17:55:11.010017
20,Palmeiras,42,LogisticRegression_LOSO,2,2025-09-16 17:55:11.010017
20,Cruzeiro,38,LogisticRegression_LOSO,3,2025-09-16 17:55:11.010017
20,Bahia,36,LogisticRegression_LOSO,4,2025-09-16 17:55:11.010017
20,Botafogo,35,LogisticRegression_LOSO,5,2025-09-16 17:55:11.010017
20,Mirassol,32,LogisticRegression_LOSO,6,2025-09-16 17:55:11.010017
20,Atlético-MG,30,LogisticRegression_LOSO,7,2025-09-16 17:55:11.010017
20,Fluminense,30,LogisticRegression_LOSO,7,2025-09-16 17:55:11.010017
20,São Paulo,29,LogisticRegression_LOSO,9,2025-09-16 17:55:11.010017
20,Bragantino,27,LogisticRegression_LOSO,10,2025-09-16 17:55:11.010017
20,Ceará,25,LogisticRegression_LOSO,11,2025-09-16 17:55:11.010017
20,Internacional,24,LogisticRegression_LOSO,12,2025-09-16 17:55:11.010017
20,Santos,24,LogisticRegression_LOSO,12,2025-09-16 17:55:11.010017
20,Grêmio,23,LogisticRegression_LOSO,14,2025-09-16 17:55:11.010017
20,Corinthians,22,LogisticRegression_LOSO,15,2025-09-16 17:55:11.010017
20,Vasco,22,LogisticRegression_LOSO,15,2025-09-16 17:55:11.010017
20,Vitória,19,LogisticRegression_LOSO,17,2025-09-16 17:55:11.010017
20,Juventude,18,LogisticRegression_LOSO,18,2025-09-16 17:55:11.010017
20,Fortaleza,15,LogisticRegression_LOSO,19,2025-09-16 17:55:11.010017
20,Sport,13,LogisticRegression_LOSO,20,2025-09-16 17:55:11.010017
21,Flamengo,46,LogisticRegression_LOSO,1,2025-09-16 17:55:11.010017
21,Palmeiras,45,LogisticRegression_LOSO,2,2025-09-16 17:55:11.010017
21,Cruzeiro,41,LogisticRegression_LOSO,3,2025-09-16 17:55:11.010017
21,Bahia,39,LogisticRegression_LOSO,4,2025-09-16 17:55:11.010017
21,Botafogo,38,LogisticRegression_LOSO,5,2025-09-16 17:55:11.010017
21,Mirassol,35,LogisticRegression_LOSO,6,2025-09-16 17:55:11.010017
21,São Paulo,32,LogisticRegression_LOSO,7,2025-09-16 17:55:11.010017
21,Atlético-MG,30,LogisticRegression_LOSO,8,2025-09-16 17:55:11.010017
21,Bragantino,30,LogisticRegression_LOSO,8,2025-09-16 17:55:11.010017
21,Fluminense,30,LogisticRegression_LOSO,8,2025-09-16 17:55:11.010017
21,Ceará,26,LogisticRegression_LOSO,11,2025-09-16 17:55:11.010017
21,Corinthians,25,LogisticRegression_LOSO,12,2025-09-16 17:55:11.010017
21,Grêmio,24,LogisticRegression_LOSO,13,2025-09-16 17:55:11.010017
21,Internacional,24,LogisticRegression_LOSO,13,2025-09-16 17:55:11.010017
21,Santos,24,LogisticRegression_LOSO,13,2025-09-16 17:55:11.010017
21,Vasco,22,LogisticRegression_LOSO,16,2025-09-16 17:55:11.010017
21,Vitória,19,LogisticRegression_LOSO,17,2025-09-16 17:55:11.010017
21,Juventude,18,LogisticRegression_LOSO,18,2025-09-16 17:55:11.010017
21,Fortaleza,15,LogisticRegression_LOSO,19,2025-09-16 17:55:11.010017
21,Sport,13,LogisticRegression_LOSO,20,2025-09-16 17:55:11.010017
22,Flamengo,47,LogisticRegression_LOSO,1,2025-09-16 17:55:11.010017
22,Palmeiras,46,LogisticRegression_LOSO,2,2025-09-16 17:55:11.010017
22,Cruzeiro,44,LogisticRegression_LOSO,3,2025-09-16 17:55:11.010017
22,Botafogo,41,LogisticRegression_LOSO,4,2025-09-16 17:55:11.010017
22,Bahia,39,LogisticRegression_LOSO,5,2025-09-16 17:55:11.010017
22,Mirassol,38,LogisticRegression_LOSO,6,2025-09-16 17:55:11.010017
22,São Paulo,32,LogisticRegression_LOSO,7,2025-09-16 17:55:11.010017
22,Fluminense,31,LogisticRegression_LOSO,8,2025-09-16 17:55:11.010017
22,Atlético-MG,30,LogisticRegression_LOSO,9,2025-09-16 17:55:11.010017
22,Bragantino,30,LogisticRegression_LOSO,9,2025-09-16 17:55:11.010017
22,Internacional,27,LogisticRegression_LOSO,11,2025-09-16 17:55:11.010017
22,Ceará,26,LogisticRegression_LOSO,12,2025-09-16 17:55:11.010017
22,Corinthians,26,LogisticRegression_LOSO,12,2025-09-16 17:55:11.010017
22,Grêmio,25,LogisticRegression_LOSO,14,2025-09-16 17:55:11.010017
22,Santos,25,LogisticRegression_LOSO,14,2025-09-16 17:55:11.010017
22,Vasco,25,LogisticRegression_LOSO,14,2025-09-16 17:55:11.010017
22,Vitória,22,LogisticRegression_LOSO,17,2025-09-16 17:55:11.010017
22,Juventude,21,LogisticRegression_LOSO,18,2025-09-16 17:55:11.010017
22,Fortaleza,15,LogisticRegression_LOSO,19,2025-09-16 17:55:11.010017
22,Sport,13,LogisticRegression_LOSO,20,2025-09-16 17:55:11.010017
23,Flamengo,50,LogisticRegression_LOSO,1,2025-09-16 17:55:11.010017
23,Palmeiras,49,LogisticRegression_LOSO,2,2025-09-16 17:55:11.010017
23,Cruzeiro,47,LogisticRegression_LOSO,3,2025-09-16 17:55:11.010017
23,Botafogo,41,LogisticRegression_LOSO,4,2025-09-16 17:55:11.010017
23,Mirassol,41,LogisticRegression_LOSO,4,2025-09-16 17:55:11.010017
23,Bahia,39,LogisticRegression_LOSO,6,2025-09-16 17:55:11.010017
23,São Paulo,35,LogisticRegression_LOSO,7,2025-09-16 17:55:11.010017
23,Atlético-MG,31,LogisticRegression_LOSO,8,2025-09-16 17:55:11.010017
23,Bragantino,31,LogisticRegression_LOSO,8,2025-09-16 17:55:11.010017
23,Fluminense,31,LogisticRegression_LOSO,8,2025-09-16 17:55:11.010017
23,Corinthians,29,LogisticRegression_LOSO,11,2025-09-16 17:55:11.010017
23,Ceará,27,LogisticRegression_LOSO,12,2025-09-16 17:55:11.010017
23,Internacional,27,LogisticRegression_LOSO,12,2025-09-16 17:55:11.010017
23,Santos,26,LogisticRegression_LOSO,14,2025-09-16 17:55:11.010017
23,Vasco,26,LogisticRegression_LOSO,14,2025-09-16 17:55:11.010017
23,Grêmio,25,LogisticRegression_LOSO,16,2025-09-16 17:55:11.010017
23,Vitória,22,LogisticRegression_LOSO,17,2025-09-16 17:55:11.010017
23,Juventude,21,LogisticRegression_LOSO,18,2025-09-16 17:55:11.010017
23,Fortaleza,18,LogisticRegression_LOSO,19,2025-09-16 17:55:11.010017
23,Sport,14,LogisticRegression_LOSO,20,2025-09-16 17:55:11.010017
24,Flamengo,51,LogisticRegression_LOSO,1,2025-09-16 17:55:11.010017
24,Cruzeiro,50,LogisticRegression_LOSO,2,2025-09-16 17:55:11.010017
24,Palmeiras,49,LogisticRegression_LOSO,3,2025-09-16 17:55:11.010017
24,Mirassol,44,LogisticRegression_LOSO,4,2025-09-16 17:55:11.010017
24,Botafogo,42,LogisticRegression_LOSO,5,2025-09-16 17:55:11.010017
24,Bahia,39,LogisticRegression_LOSO,6,2025-09-16 17:55:11.010017
24,São Paulo,35,LogisticRegression_LOSO,7,2025-09-16 17:55:11.010017
24,Fluminense,34,LogisticRegression_LOSO,8,2025-09-16 17:55:11.010017
24,Atlético-MG,32,LogisticRegression_LOSO,9,2025-09-16 17:55:11.010017
24,Bragantino,31,LogisticRegression_LOSO,10,2025-09-16 17:55:11.010017
24,Ceará,30,LogisticRegression_LOSO,11,2025-09-16 17:55:11.010017
24,Internacional,30,LogisticRegression_LOSO,11,2025-09-16 17:55:11.010017
24,Corinthians,29,LogisticRegression_LOSO,13,2025-09-16 17:55:11.010017
24,Santos,29,LogisticRegression_LOSO,13,2025-09-16 17:55:11.010017
24,Vasco,27,LogisticRegression_LOSO,15,2025-09-16 17:55:11.010017
24,Grêmio,25,LogisticRegression_LOSO,16,2025-09-16 17:55:11.010017
24,Vitória,22,LogisticRegression_LOSO,17,2025-09-16 17:55:11.010017
24,Fortaleza,21,LogisticRegression_LOSO,18,2025-09-16 17:55:11.010017
24,Juventude,21,LogisticRegression_LOSO,18,2025-09-16 17:55:11.010017
24,Sport,17,LogisticRegression_LOSO,20,2025-09-16 17:55:11.010017
25,Flamengo,51,LogisticRegression_LOSO,1,2025-09-16 17:55:11.010017
25,Cruzeiro,50,LogisticRegression_LOSO,2,2025-09-16 17:55:11.010017
25,Palmeiras,49,LogisticRegression_LOSO,3,2025-09-16 17:55:11.010017
25,Mirassol,44,LogisticRegression_LOSO,4,2025-09-16 17:55:11.010017
25,Bahia,42,LogisticRegression_LOSO,5,2025-09-16 17:55:11.010017
25,Botafogo,42,LogisticRegression_LOSO,5,2025-09-16 17:55:11.010017
25,São Paulo,38,LogisticRegression_LOSO,7,2025-09-16 17:55:11.010017
25,Fluminense,37,LogisticRegression_LOSO,8,2025-09-16 17:55:11.010017
25,Atlético-MG,35,LogisticRegression_LOSO,9,2025-09-16 17:55:11.010017
25,Bragantino,34,LogisticRegression_LOSO,10,2025-09-16 17:55:11.010017
25,Corinthians,32,LogisticRegression_LOSO,11,2025-09-16 17:55:11.010017
25,Ceará,30,LogisticRegression_LOSO,12,2025-09-16 17:55:11.010017
25,Internacional,30,LogisticRegression_LOSO,12,2025-09-16 17:55:11.010017
25,Vasco,30,LogisticRegression_LOSO,12,2025-09-16 17:55:11.010017
25,Santos,29,LogisticRegression_LOSO,15,2025-09-16 17:55:11.010017
25,Grêmio,28,LogisticRegression_LOSO,16,2025-09-16 17:55:11.010017
25,Juventude,24,LogisticRegression_LOSO,17,2025-09-16 17:55:11.010017
25,Vitória,22,LogisticRegression_LOSO,18,2025-09-16 17:55:11.010017
25,Fortaleza,21,LogisticRegression_LOSO,19,2025-09-16 17:55:11.010017
25,Sport,20,LogisticRegression_LOSO,20,2025-09-16 17:55:11.010017
26,Flamengo,54,LogisticRegression_LOSO,1,2025-09-16 17:55:11.010017
26,Palmeiras,52,LogisticRegression_LOSO,2,2025-09-16 17:55:11.010017
26,Cruzeiro,50,LogisticRegression_LOSO,3,2025-09-16 17:55:11.010017
26,Mirassol,47,LogisticRegression_LOSO,4,2025-09-16 17:55:11.010017
26,Bahia,45,LogisticRegression_LOSO,5,2025-09-16 17:55:11.010017
26,Botafogo,42,LogisticRegression_LOSO,6,2025-09-16 17:55:11.010017
26,Fluminense,40,LogisticRegression_LOSO,7,2025-09-16 17:55:11.010017
26,Atlético-MG,38,LogisticRegression_LOSO,8,2025-09-16 17:55:11.010017
26,São Paulo,38,LogisticRegression_LOSO,8,2025-09-16 17:55:11.010017
26,Bragantino,34,LogisticRegression_LOSO,10,2025-09-16 17:55:11.010017
26,Internacional,33,LogisticRegression_LOSO,11,2025-09-16 17:55:11.010017
26,Corinthians,32,LogisticRegression_LOSO,12,2025-09-16 17:55:11.010017
26,Santos,32,LogisticRegression_LOSO,12,2025-09-16 17:55:11.010017
26,Ceará,30,LogisticRegression_LOSO,14,2025-09-16 17:55:11.010017
26,Vasco,30,LogisticRegression_LOSO,14,2025-09-16 17:55:11.010017
26,Grêmio,28,LogisticRegression_LOSO,16,2025-09-16 17:55:11.010017
26,Vitória,25,LogisticRegression_LOSO,17,2025-09-16 17:55:11.010017
26,Fortaleza,24,LogisticRegression_LOSO,18,2025-09-16 17:55:11.010017
26,Juventude,24,LogisticRegression_LOSO,18,2025-09-16 17:55:11.010017
26,Sport,20,LogisticRegression_LOSO,20,2025-09-16 17:55:11.010017
27,Flamengo,54,LogisticRegression_LOSO,1,2025-09-16 17:55:11.010017
27,Cruzeiro,53,LogisticRegression_LOSO,2,2025-09-16 17:55:11.010017
27,Palmeiras,52,LogisticRegression_LOSO,3,2025-09-16 17:55:11.010017
27,Bahia,48,LogisticRegression_LOSO,4,2025-09-16 17:55:11.010017
27,Mirassol,47,LogisticRegression_LOSO,5,2025-09-16 17:55:11.010017
27,Fluminense,43,LogisticRegression_LOSO,6,2025-09-16 17:55:11.010017
27,Botafogo,42,LogisticRegression_LOSO,7,2025-09-16 17:55:11.010017
27,São Paulo,41,LogisticRegression_LOSO,8,2025-09-16 17:55:11.010017
27,Atlético-MG,38,LogisticRegression_LOSO,9,2025-09-16 17:55:11.010017
27,Bragantino,37,LogisticRegression_LOSO,10,2025-09-16 17:55:11.010017
27,Internacional,36,LogisticRegression_LOSO,11,2025-09-16 17:55:11.010017
27,Corinthians,35,LogisticRegression_LOSO,12,2025-09-16 17:55:11.010017
27,Ceará,33,LogisticRegression_LOSO,13,2025-09-16 17:55:11.010017
27,Vasco,33,LogisticRegression_LOSO,13,2025-09-16 17:55:11.010017
27,Santos,32,LogisticRegression_LOSO,15,2025-09-16 17:55:11.010017
27,Grêmio,28,LogisticRegression_LOSO,16,2025-09-16 17:55:11.010017
27,Juventude,27,LogisticRegression_LOSO,17,2025-09-16 17:55:11.010017
27,Vitória,25,LogisticRegression_LOSO,18,2025-09-16 17:55:11.010017
27,Fortaleza,24,LogisticRegression_LOSO,19,2025-09-16 17:55:11.010017
27,Sport,20,LogisticRegression_LOSO,20,2025-09-16 17:55:11.010017
28,Flamengo,54,LogisticRegression_LOSO,1,2025-09-16 17:55:11.010017
28,Cruzeiro,53,LogisticRegression_LOSO,2,2025-09-16 17:55:11.010017
28,Palmeiras,52,LogisticRegression_LOSO,3,2025-09-16 17:55:11.010017
28,Bahia,48,LogisticRegression_LOSO,4,2025-09-16 17:55:11.010017
28,Mirassol,47,LogisticRegression_LOSO,5,2025-09-16 17:55:11.010017
28,Botafogo,45,LogisticRegression_LOSO,6,2025-09-16 17:55:11.010017
28,Fluminense,43,LogisticRegression_LOSO,7,2025-09-16 17:55:11.010017
28,Atlético-MG,41,LogisticRegression_LOSO,8,2025-09-16 17:55:11.010017
28,São Paulo,41,LogisticRegression_LOSO,8,2025-09-16 17:55:11.010017
28,Bragantino,40,LogisticRegression_LOSO,10,2025-09-16 17:55:11.010017
28,Internacional,39,LogisticRegression_LOSO,11,2025-09-16 17:55:11.010017
28,Corinthians,35,LogisticRegression_LOSO,12,2025-09-16 17:55:11.010017
28,Santos,35,LogisticRegression_LOSO,12,2025-09-16 17:55:11.010017
28,Ceará,33,LogisticRegression_LOSO,14,2025-09-16 17:55:11.010017
28,Vasco,33,LogisticRegression_LOSO,14,2025-09-16 17:55:11.010017
28,Grêmio,31,LogisticRegression_LOSO,16,2025-09-16 17:55:11.010017
28,Juventude,30,LogisticRegression_LOSO,17,2025-09-16 17:55:11.010017
28,Vitória,28,LogisticRegression_LOSO,18,2025-09-16 17:55:11.010017
28,Fortaleza,27,LogisticRegression_LOSO,19,2025-09-16 17:55:11.010017
28,Sport,23,LogisticRegression_LOSO,20,2025-09-16 17:55:11.010017
29,Flamengo,57,LogisticRegression_LOSO,1,2025-09-16 17:55:11.010017
29,Cruzeiro,56,LogisticRegression_LOSO,2,2025-09-16 17:55:11.010017
29,Palmeiras,52,LogisticRegression_LOSO,3,2025-09-16 17:55:11.010017
29,Bahia,51,LogisticRegression_LOSO,4,2025-09-16 17:55:11.010017
29,Mirassol,50,LogisticRegression_LOSO,5,2025-09-16 17:55:11.010017
29,Botafogo,45,LogisticRegression_LOSO,6,2025-09-16 17:55:11.010017
29,Fluminense,43,LogisticRegression_LOSO,7,2025-09-16 17:55:11.010017
29,Internacional,42,LogisticRegression_LOSO,8,2025-09-16 17:55:11.010017
29,Atlético-MG,41,LogisticRegression_LOSO,9,2025-09-16 17:55:11.010017
29,São Paulo,41,LogisticRegression_LOSO,9,2025-09-16 17:55:11.010017
29,Bragantino,40,LogisticRegression_LOSO,11,2025-09-16 17:55:11.010017
29,Corinthians,38,LogisticRegression_LOSO,12,2025-09-16 17:55:11.010017
29,Santos,38,LogisticRegression_LOSO,12,2025-09-16 17:55:11.010017
29,Ceará,36,LogisticRegression_LOSO,14,2025-09-16 17:55:11.010017
29,Vasco,36,LogisticRegression_LOSO,14,2025-09-16 17:55:11.010017
29,Juventude,33,LogisticRegression_LOSO,16,2025-09-16 17:55:11.010017
29,Grêmio,31,LogisticRegression_LOSO,17,2025-09-16 17:55:11.010017
29,Vitória,28,LogisticRegression_LOSO,18,2025-09-16 17:55:11.010017
29,Fortaleza,27,LogisticRegression_LOSO,19,2025-09-16 17:55:11.010017
29,Sport,23,LogisticRegression_LOSO,20,2025-09-16 17:55:11.010017
30,Flamengo,57,LogisticRegression_LOSO,1,2025-09-16 17:55:11.010017
30,Cruzeiro,56,LogisticRegression_LOSO,2,2025-09-16 17:55:11.010017
30,Palmeiras,55,LogisticRegression_LOSO,3,2025-09-16 17:55:11.010017
30,Bahia,51,LogisticRegression_LOSO,4,2025-09-16 17:55:11.010017
30,Mirassol,50,LogisticRegression_LOSO,5,2025-09-16 17:55:11.010017
30,Botafogo,48,LogisticRegression_LOSO,6,2025-09-16 17:55:11.010017
30,Fluminense,46,LogisticRegression_LOSO,7,2025-09-16 17:55:11.010017
30,São Paulo,44,LogisticRegression_LOSO,8,2025-09-16 17:55:11.010017
30,Internacional,42,LogisticRegression_LOSO,9,2025-09-16 17:55:11.010017
30,Atlético-MG,41,LogisticRegression_LOSO,10,2025-09-16 17:55:11.010017
30,Bragantino,40,LogisticRegression_LOSO,11,2025-09-16 17:55:11.010017
30,Ceará,39,LogisticRegression_LOSO,12,2025-09-16 17:55:11.010017
30,Vasco,39,LogisticRegression_LOSO,12,2025-09-16 17:55:11.010017
30,Corinthians,38,LogisticRegression_LOSO,14,2025-09-16 17:55:11.010017
30,Santos,38,LogisticRegression_LOSO,14,2025-09-16 17:55:11.010017
30,Grêmio,34,LogisticRegression_LOSO,16,2025-09-16 17:55:11.010017
30,Juventude,33,LogisticRegression_LOSO,17,2025-09-16 17:55:11.010017
30,Vitória,31,LogisticRegression_LOSO,18,2025-09-16 17:55:11.010017
30,Fortaleza,30,LogisticRegression_LOSO,19,2025-09-16 17:55:11.010017
30,Sport,26,LogisticRegression_LOSO,20,2025-09-16 17:55:11.010017
31,Flamengo,60,LogisticRegression_LOSO,1,2025-09-16 17:55:11.010017
31,Palmeiras,58,LogisticRegression_LOSO,2,2025-09-16 17:55:11.010017
31,Cruzeiro,56,LogisticRegression_LOSO,3,2025-09-16 17:55:11.010017
31,Bahia,54,LogisticRegression_LOSO,4,2025-09-16 17:55:11.010017
31,Mirassol,53,LogisticRegression_LOSO,5,2025-09-16 17:55:11.010017
31,Botafogo,48,LogisticRegression_LOSO,6,2025-09-16 17:55:11.010017
31,Fluminense,46,LogisticRegression_LOSO,7,2025-09-16 17:55:11.010017
31,Internacional,45,LogisticRegression_LOSO,8,2025-09-16 17:55:11.010017
31,São Paulo,44,LogisticRegression_LOSO,9,2025-09-16 17:55:11.010017
31,Ceará,42,LogisticRegression_LOSO,10,2025-09-16 17:55:11.010017
31,Vasco,42,LogisticRegression_LOSO,10,2025-09-16 17:55:11.010017
31,Atlético-MG,41,LogisticRegression_LOSO,12,2025-09-16 17:55:11.010017
31,Corinthians,41,LogisticRegression_LOSO,12,2025-09-16 17:55:11.010017
31,Santos,41,LogisticRegression_LOSO,12,2025-09-16 17:55:11.010017
31,Bragantino,40,LogisticRegression_LOSO,15,2025-09-16 17:55:11.010017
31,Grêmio,34,LogisticRegression_LOSO,16,2025-09-16 17:55:11.010017
31,Vitória,34,LogisticRegression_LOSO,16,2025-09-16 17:55:11.010017
31,Juventude,33,LogisticRegression_LOSO,18,2025-09-16 17:55:11.010017
31,Fortaleza,30,LogisticRegression_LOSO,19,2025-09-16 17:55:11.010017
31,Sport,26,LogisticRegression_LOSO,20,2025-09-16 17:55:11.010017
32,Flamengo,60,LogisticRegression_LOSO,1,2025-09-16 17:55:11.010017
32,Palmeiras,58,LogisticRegression_LOSO,2,2025-09-16 17:55:11.010017
32,Cruzeiro,56,LogisticRegression_LOSO,3,2025-09-16 17:55:11.010017
32,Bahia,54,LogisticRegression_LOSO,4,2025-09-16 17:55:11.010017
32,Mirassol,53,LogisticRegression_LOSO,5,2025-09-16 17:55:11.010017
32,Botafogo,51,LogisticRegression_LOSO,6,2025-09-16 17:55:11.010017
32,Fluminense,49,LogisticRegression_LOSO,7,2025-09-16 17:55:11.010017
32,São Paulo,47,LogisticRegression_LOSO,8,2025-09-16 17:55:11.010017
32,Ceará,45,LogisticRegression_LOSO,9,2025-09-16 17:55:11.010017
32,Internacional,45,LogisticRegression_LOSO,9,2025-09-16 17:55:11.010017
32,Atlético-MG,44,LogisticRegression_LOSO,11,2025-09-16 17:55:11.010017
32,Santos,44,LogisticRegression_LOSO,11,2025-09-16 17:55:11.010017
32,Bragantino,43,LogisticRegression_LOSO,13,2025-09-16 17:55:11.010017
32,Vasco,42,LogisticRegression_LOSO,14,2025-09-16 17:55:11.010017
32,Corinthians,41,LogisticRegression_LOSO,15,2025-09-16 17:55:11.010017
32,Grêmio,37,LogisticRegression_LOSO,16,2025-09-16 17:55:11.010017
32,Vitória,37,LogisticRegression_LOSO,16,2025-09-16 17:55:11.010017
32,Juventude,33,LogisticRegression_LOSO,18,2025-09-16 17:55:11.010017
32,Fortaleza,30,LogisticRegression_LOSO,19,2025-09-16 17:55:11.010017
32,Sport,29,LogisticRegression_LOSO,20,2025-09-16 17:55:11.010017
33,Flamengo,63,LogisticRegression_LOSO,1,2025-09-16 17:55:11.010017
33,Palmeiras,58,LogisticRegression_LOSO,2,2025-09-16 17:55:11.010017
33,Bahia,57,LogisticRegression_LOSO,3,2025-09-16 17:55:11.010017
33,Cruzeiro,56,LogisticRegression_LOSO,4,2025-09-16 17:55:11.010017
33,Mirassol,56,LogisticRegression_LOSO,4,2025-09-16 17:55:11.010017
33,Fluminense,52,LogisticRegression_LOSO,6,2025-09-16 17:55:11.010017
33,Botafogo,51,LogisticRegression_LOSO,7,2025-09-16 17:55:11.010017
33,Atlético-MG,47,LogisticRegression_LOSO,8,2025-09-16 17:55:11.010017
33,São Paulo,47,LogisticRegression_LOSO,8,2025-09-16 17:55:11.010017
33,Bragantino,46,LogisticRegression_LOSO,10,2025-09-16 17:55:11.010017
33,Ceará,45,LogisticRegression_LOSO,11,2025-09-16 17:55:11.010017
33,Internacional,45,LogisticRegression_LOSO,11,2025-09-16 17:55:11.010017
33,Vasco,45,LogisticRegression_LOSO,11,2025-09-16 17:55:11.010017
33,Corinthians,44,LogisticRegression_LOSO,14,2025-09-16 17:55:11.010017
33,Santos,44,LogisticRegression_LOSO,14,2025-09-16 17:55:11.010017
33,Vitória,40,LogisticRegression_LOSO,16,2025-09-16 17:55:11.010017
33,Grêmio,37,LogisticRegression_LOSO,17,2025-09-16 17:55:11.010017
33,Fortaleza,33,LogisticRegression_LOSO,18,2025-09-16 17:55:11.010017
33,Juventude,33,LogisticRegression_LOSO,18,2025-09-16 17:55:11.010017
33,Sport,29,LogisticRegression_LOSO,20,2025-09-16 17:55:11.010017
34,Flamengo,63,LogisticRegression_LOSO,1,2025-09-16 17:55:11.010017
34,Palmeiras,61,LogisticRegression_LOSO,2,2025-09-16 17:55:11.010017
34,Bahia,60,LogisticRegression_LOSO,3,2025-09-16 17:55:11.010017
34,Cruzeiro,56,LogisticRegression_LOSO,4,2025-09-16 17:55:11.010017
34,Mirassol,56,LogisticRegression_LOSO,4,2025-09-16 17:55:11.010017
34,Fluminense,55,LogisticRegression_LOSO,6,2025-09-16 17:55:11.010017
34,Botafogo,51,LogisticRegression_LOSO,7,2025-09-16 17:55:11.010017
34,Bragantino,49,LogisticRegression_LOSO,8,2025-09-16 17:55:11.010017
34,Ceará,48,LogisticRegression_LOSO,9,2025-09-16 17:55:11.010017
34,Atlético-MG,47,LogisticRegression_LOSO,10,2025-09-16 17:55:11.010017
34,Corinthians,47,LogisticRegression_LOSO,10,2025-09-16 17:55:11.010017
34,Santos,47,LogisticRegression_LOSO,10,2025-09-16 17:55:11.010017
34,São Paulo,47,LogisticRegression_LOSO,10,2025-09-16 17:55:11.010017
34,Internacional,45,LogisticRegression_LOSO,14,2025-09-16 17:55:11.010017
34,Vasco,45,LogisticRegression_LOSO,14,2025-09-16 17:55:11.010017
34,Grêmio,40,LogisticRegression_LOSO,16,2025-09-16 17:55:11.010017
34,Vitória,40,LogisticRegression_LOSO,16,2025-09-16 17:55:11.010017
34,Juventude,36,LogisticRegression_LOSO,18,2025-09-16 17:55:11.010017
34,Fortaleza,33,LogisticRegression_LOSO,19,2025-09-16 17:55:11.010017
34,Sport,32,LogisticRegression_LOSO,20,2025-09-16 17:55:11.010017
35,Flamengo,66,LogisticRegression_LOSO,1,2025-09-16 17:55:11.010017
35,Palmeiras,64,LogisticRegression_LOSO,2,2025-09-16 17:55:11.010017
35,Bahia,63,LogisticRegression_LOSO,3,2025-09-16 17:55:11.010017
35,Cruzeiro,59,LogisticRegression_LOSO,4,2025-09-16 17:55:11.010017
35,Mirassol,59,LogisticRegression_LOSO,4,2025-09-16 17:55:11.010017
35,Fluminense,55,LogisticRegression_LOSO,6,2025-09-16 17:55:11.010017
35,Botafogo,54,LogisticRegression_LOSO,7,2025-09-16 17:55:11.010017
35,São Paulo,50,LogisticRegression_LOSO,8,2025-09-16 17:55:11.010017
35,Bragantino,49,LogisticRegression_LOSO,9,2025-09-16 17:55:11.010017
35,Ceará,48,LogisticRegression_LOSO,10,2025-09-16 17:55:11.010017
35,Internacional,48,LogisticRegression_LOSO,10,2025-09-16 17:55:11.010017
35,Atlético-MG,47,LogisticRegression_LOSO,12,2025-09-16 17:55:11.010017
35,Corinthians,47,LogisticRegression_LOSO,12,2025-09-16 17:55:11.010017
35,Santos,47,LogisticRegression_LOSO,12,2025-09-16 17:55:11.010017
35,Vasco,45,LogisticRegression_LOSO,15,2025-09-16 17:55:11.010017
35,Grêmio,40,LogisticRegression_LOSO,16,2025-09-16 17:55:11.010017
35,Vitória,40,LogisticRegression_LOSO,16,2025-09-16 17:55:11.010017
35,Fortaleza,36,LogisticRegression_LOSO,18,2025-09-16 17:55:11.010017
35,Juventude,36,LogisticRegression_LOSO,18,2025-09-16 17:55:11.010017
35,Sport,35,LogisticRegression_LOSO,20,2025-09-16 17:55:11.010017
36,Flamengo,69,LogisticRegression_LOSO,1,2025-09-16 17:55:11.010017
36,Palmeiras,64,LogisticRegression_LOSO,2,2025-09-16 17:55:11.010017
36,Bahia,63,LogisticRegression_LOSO,3,2025-09-16 17:55:11.010017
36,Cruzeiro,59,LogisticRegression_LOSO,4,2025-09-16 17:55:11.010017
36,Mirassol,59,LogisticRegression_LOSO,4,2025-09-16 17:55:11.010017
36,Fluminense,58,LogisticRegression_LOSO,6,2025-09-16 17:55:11.010017
36,Botafogo,57,LogisticRegression_LOSO,7,2025-09-16 17:55:11.010017
36,Ceará,51,LogisticRegression_LOSO,8,2025-09-16 17:55:11.010017
36,Internacional,51,LogisticRegression_LOSO,8,2025-09-16 17:55:11.010017
36,São Paulo,50,LogisticRegression_LOSO,10,2025-09-16 17:55:11.010017
36,Bragantino,49,LogisticRegression_LOSO,11,2025-09-16 17:55:11.010017
36,Atlético-MG,47,LogisticRegression_LOSO,12,2025-09-16 17:55:11.010017
36,Corinthians,47,LogisticRegression_LOSO,12,2025-09-16 17:55:11.010017
36,Santos,47,LogisticRegression_LOSO,12,2025-09-16 17:55:11.010017
36,Vasco,45,LogisticRegression_LOSO,15,2025-09-16 17:55:11.010017
36,Grêmio,43,LogisticRegression_LOSO,16,2025-09-16 17:55:11.010017
36,Vitória,43,LogisticRegression_LOSO,16,2025-09-16 17:55:11.010017
36,Fortaleza,39,LogisticRegression_LOSO,18,2025-09-16 17:55:11.010017
36,Juventude,39,LogisticRegression_LOSO,18,2025-09-16 17:55:11.010017
36,Sport,38,LogisticRegression_LOSO,20,2025-09-16 17:55:11.010017
37,Flamengo,72,LogisticRegression_LOSO,1,2025-09-16 17:55:11.010017
37,Palmeiras,67,LogisticRegression_LOSO,2,2025-09-16 17:55:11.010017
37,Bahia,66,LogisticRegression_LOSO,3,2025-09-16 17:55:11.010017
37,Cruzeiro,62,LogisticRegression_LOSO,4,2025-09-16 17:55:11.010017
37,Mirassol,59,LogisticRegression_LOSO,5,2025-09-16 17:55:11.010017
37,Fluminense,58,LogisticRegression_LOSO,6,2025-09-16 17:55:11.010017
37,Botafogo,57,LogisticRegression_LOSO,7,2025-09-16 17:55:11.010017
37,São Paulo,53,LogisticRegression_LOSO,8,2025-09-16 17:55:11.010017
37,Bragantino,52,LogisticRegression_LOSO,9,2025-09-16 17:55:11.010017
37,Ceará,51,LogisticRegression_LOSO,10,2025-09-16 17:55:11.010017
37,Internacional,51,LogisticRegression_LOSO,10,2025-09-16 17:55:11.010017
37,Santos,50,LogisticRegression_LOSO,12,2025-09-16 17:55:11.010017
37,Vasco,48,LogisticRegression_LOSO,13,2025-09-16 17:55:11.010017
37,Atlético-MG,47,LogisticRegression_LOSO,14,2025-09-16 17:55:11.010017
37,Corinthians,47,LogisticRegression_LOSO,14,2025-09-16 17:55:11.010017
37,Grêmio,46,LogisticRegression_LOSO,16,2025-09-16 17:55:11.010017
37,Vitória,43,LogisticRegression_LOSO,17,2025-09-16 17:55:11.010017
37,Fortaleza,42,LogisticRegression_LOSO,18,2025-09-16 17:55:11.010017
37,Juventude,39,LogisticRegression_LOSO,19,2025-09-16 17:55:11.010017
37,Sport,38,LogisticRegression_LOSO,20,2025-09-16 17:55:11.010017
38,Flamengo,75,LogisticRegression_LOSO,1,2025-09-16 17:55:11.010017
38,Bahia,69,LogisticRegression_LOSO,2,2025-09-16 17:55:11.010017
38,Palmeiras,68,LogisticRegression_LOSO,3,2025-09-16 17:55:11.010017
38,Cruzeiro,62,LogisticRegression_LOSO,4,2025-09-16 17:55:11.010017
38,Botafogo,60,LogisticRegression_LOSO,5,2025-09-16 17:55:11.010017
38,Mirassol,59,LogisticRegression_LOSO,6,2025-09-16 17:55:11.010017
38,Fluminense,58,LogisticRegression_LOSO,7,2025-09-16 17:55:11.010017
38,São Paulo,56,LogisticRegression_LOSO,8,2025-09-16 17:55:11.010017
38,Internacional,54,LogisticRegression_LOSO,9,2025-09-16 17:55:11.010017
38,Santos,53,LogisticRegression_LOSO,10,2025-09-16 17:55:11.010017
38,Bragantino,52,LogisticRegression_LOSO,11,2025-09-16 17:55:11.010017
38,Ceará,52,LogisticRegression_LOSO,11,2025-09-16 17:55:11.010017
38,Vasco,51,LogisticRegression_LOSO,13,2025-09-16 17:55:11.010017
38,Corinthians,50,LogisticRegression_LOSO,14,2025-09-16 17:55:11.010017
38,Atlético-MG,47,LogisticRegression_LOSO,15,2025-09-16 17:55:11.010017
38,Grêmio,46,LogisticRegression_LOSO,16,2025-09-16 17:55:11.010017
38,Vitória,43,LogisticRegression_LOSO,17,2025-09-16 17:55:11.010017
38,Fortaleza,42,LogisticRegression_LOSO,18,2025-09-16 17:55:11.010017
38,Sport,41,LogisticRegression_LOSO,19,2025-09-16 17:55:11.010017
38,Juventude,39,LogisticRegression_LOSO,20,2025-09-16 17:55:11.010017
